<?xml version="1.0" encoding="UTF-8"?>
<project-private xmlns="http://www.netbeans.org/ns/project-private/1">
    <editor-bookmarks xmlns="http://www.netbeans.org/ns/editor-bookmarks/2" lastBookmarkId="0"/>
    <open-files xmlns="http://www.netbeans.org/ns/projectui-open-files/2">
        <group>
            <file>file:/Users/lab_rpl_arwan/NetBeansProjects/Perpustakaan/src/perpustakaan/Buku.java</file>
            <file>file:/Users/lab_rpl_arwan/NetBeansProjects/Perpustakaan/src/perpustakaan/BukuProvider.java</file>
            <file>file:/Users/lab_rpl_arwan/NetBeansProjects/Perpustakaan/src/perpustakaan/DialogUI.java</file>
            <file>file:/Users/lab_rpl_arwan/NetBeansProjects/Perpustakaan/src/perpustakaan/FormPencarian.java</file>
            <file>file:/Users/lab_rpl_arwan/NetBeansProjects/Perpustakaan/src/perpustakaan/HalamanUtamaUI.java</file>
            <file>file:/Users/lab_rpl_arwan/NetBeansProjects/Perpustakaan/src/perpustakaan/PencarianController.java</file>
            <file>file:/Users/lab_rpl_arwan/NetBeansProjects/Perpustakaan/src/perpustakaan/Perpustakaan.java</file>
        </group>
    </open-files>
</project-private>
